Precinct,Early Ballots Cast, ,,Election Ballots Cast,,Total Ballots Cast,,Registered Voters,Percent Turnout,Percent Turnout,"REP
Mary Nan Huffman",,"DEM
Kim Ogg",,Totals
1,"2,412",,,303,,"2,715",,"3,295",82.40%,,870,,"1,707",,"2,577"
2,"1,436",,,156,,"1,592",,"2,149",74.08%,,537,,961,,"1,498"
3,"1,388",,,277,,"1,665",,"1,691",98.46%,,562,,"1,015",,"1,577"
4,"1,438",,,252,,"1,690",,"1,873",90.23%,,570,,"1,044",,"1,614"
5,"1,133",,,139,,"1,272",,"1,562",81.43%,,415,,797,,"1,212"
6,"2,542",,,490,,"3,032",,"4,743",63.93%,,"1,280",,"1,614",,"2,894"
7,464,,,68,,532,,955,55.71%,,35,,468,,503
8,"1,180",,,117,,"1,297",,"1,804",71.90%,,539,,683,,"1,222"
9,"1,356",,,200,,"1,556",,"2,447",63.59%,,395,,"1,074",,"1,469"
10,914,,,146,,"1,060",,"1,953",54.28%,,265,,712,,977
11,929,,,161,,"1,090",,"1,897",57.46%,,264,,730,,994
12,342,,,89,,431,,805,53.54%,,195,,203,,398
13,"1,620",,,230,,"1,850",,"2,965",62.39%,,"1,098",,649,,"1,747"
14,"1,407",,,170,,"1,577",,"1,956",80.62%,,656,,835,,"1,491"
15,"2,397",,,245,,"2,642",,"3,067",86.14%,,"1,219",,"1,295",,"2,514"
16,"1,638",,,166,,"1,804",,"2,394",75.36%,,683,,"1,040",,"1,723"
17,717,,,134,,851,,"1,260",67.54%,,318,,484,,802
18,"1,093",,,118,,"1,211",,"1,470",82.38%,,468,,668,,"1,136"
19,"1,179",,,114,,"1,293",,"1,646",78.55%,,357,,884,,"1,241"
20,"1,535",,,183,,"1,718",,"3,097",55.47%,,433,,"1,206",,"1,639"
21,848,,,99,,947,,"1,351",70.10%,,182,,717,,899
22,"1,326",,,218,,"1,544",,"2,573",60.01%,,237,,"1,234",,"1,471"
23,215,,,52,,267,,570,46.84%,,54,,198,,252
24,541,,,64,,605,,943,64.16%,,96,,489,,585
25,402,,,83,,485,,"1,072",45.24%,,34,,431,,465
26,"1,233",,,174,,"1,407",,"2,142",65.69%,,313,,"1,023",,"1,336"
27,"1,936",,,310,,"2,246",,"3,590",62.56%,,557,,"1,548",,"2,105"
28,"2,227",,,374,,"2,601",,"3,823",68.04%,,"1,286",,"1,173",,"2,459"
29,988,,,347,,"1,335",,"2,958",45.13%,,549,,657,,"1,206"
30,"2,198",,,346,,"2,544",,"3,636",69.97%,,684,,"1,720",,"2,404"
31,"1,125",,,269,,"1,394",,"2,748",50.73%,,89,,"1,243",,"1,332"
32,"2,216",,,269,,"2,485",,"3,608",68.87%,,717,,"1,642",,"2,359"
33,"3,141",,,251,,"3,392",,"4,474",75.82%,,"1,004",,"2,246",,"3,250"
34,"2,235",,,178,,"2,413",,"3,326",72.55%,,480,,"1,844",,"2,324"
Precinct,,Early Ballots Cast,Election Ballots Cast,,Total Ballots Cast,,Registered Voters,,Percent Turnout,"REP
Mary Nan Huffman",,"DEM
Kim Ogg",,Totals,
35,7,,,0,,7,,20,35.00%,,2,,4,,6
36,"1,449",,,283,,"1,732",,"3,144",55.09%,,550,,"1,056",,"1,606"
37,"2,102",,,106,,"2,208",,"2,914",75.77%,,607,,"1,512",,"2,119"
38,"2,469",,,145,,"2,614",,"3,315",78.85%,,728,,"1,769",,"2,497"
39,"2,533",,,198,,"2,731",,"3,816",71.57%,,630,,"1,989",,"2,619"
40,432,,,24,,456,,553,82.46%,,163,,269,,432
41,"1,008",,,145,,"1,153",,"1,687",68.35%,,458,,656,,"1,114"
42,416,,,58,,474,,936,50.64%,,26,,414,,440
43,"1,160",,,176,,"1,336",,"2,107",63.41%,,538,,708,,"1,246"
44,"1,024",,,203,,"1,227",,"2,240",54.78%,,319,,830,,"1,149"
45,"4,253",,,739,,"4,992",,"7,809",63.93%,,"1,150",,"3,584",,"4,734"
46,"1,172",,,252,,"1,424",,"2,724",52.28%,,320,,999,,"1,319"
47,672,,,144,,816,,"1,594",51.19%,,74,,693,,767
48,508,,,80,,588,,997,58.98%,,72,,474,,546
49,"3,314",,,493,,"3,807",,"5,301",71.82%,,"2,344",,"1,287",,"3,631"
50,"2,831",,,414,,"3,245",,"4,706",68.95%,,"1,463",,"1,622",,"3,085"
51,"1,131",,,159,,"1,290",,"1,840",70.11%,,897,,325,,"1,222"
52,"2,181",,,196,,"2,377",,"3,087",77.00%,,868,,"1,369",,"2,237"
53,"2,610",,,194,,"2,804",,"3,506",79.98%,,962,,"1,697",,"2,659"
54,"1,478",,,101,,"1,579",,"1,860",84.89%,,655,,836,,"1,491"
55,"2,426",,,223,,"2,649",,"3,320",79.79%,,996,,"1,526",,"2,522"
56,"1,092",,,143,,"1,235",,"1,630",75.77%,,640,,525,,"1,165"
57,"2,691",,,177,,"2,868",,"3,558",80.61%,,967,,"1,778",,"2,745"
58,"2,913",,,230,,"3,143",,"3,876",81.09%,,"1,232",,"1,746",,"2,978"
59,"2,311",,,186,,"2,497",,"3,121",80.01%,,895,,"1,498",,"2,393"
60,"2,195",,,160,,"2,355",,"3,105",75.85%,,497,,"1,746",,"2,243"
61,827,,,264,,"1,091",,"1,998",54.60%,,342,,628,,970
62,876,,,287,,"1,163",,"2,248",51.73%,,328,,724,,"1,052"
63,"1,175",,,145,,"1,320",,"1,996",66.13%,,"1,009",,242,,"1,251"
64,938,,,257,,"1,195",,"2,366",50.51%,,291,,801,,"1,092"
65,790,,,287,,"1,077",,"2,311",46.60%,,290,,677,,967
66,427,,,164,,591,,"1,222",48.36%,,156,,386,,542
67,"1,308",,,359,,"1,667",,"3,318",50.24%,,401,,"1,112",,"1,513"
68,"1,734",,,250,,"1,984",,"3,410",58.18%,,115,,"1,784",,"1,899"
Precinct,,Early Ballots Cast,Election Ballots Cast,,Total Ballots Cast,,Registered Voters,,Percent Turnout,"REP
Mary Nan Huffman",,"DEM
Kim Ogg",,Totals,
69,502,,,155,,657,,"1,360",48.31%,,126,,470,,596
70,"3,352",,,304,,"3,656",,"4,441",82.32%,,"1,768",,"1,731",,"3,499"
71,"5,029",,,431,,"5,460",,"6,719",81.26%,,"2,337",,"2,811",,"5,148"
72,"1,126",,,249,,"1,375",,"2,195",62.64%,,420,,864,,"1,284"
73,"1,413",,,134,,"1,547",,"1,916",80.74%,,719,,759,,"1,478"
74,"2,817",,,142,,"2,959",,"3,578",82.70%,,"2,042",,795,,"2,837"
75,"1,634",,,130,,"1,764",,"2,198",80.25%,,695,,986,,"1,681"
76,"1,350",,,258,,"1,608",,"2,496",64.42%,,766,,742,,"1,508"
77,5,,,2,,7,,11,63.64%,,3,,3,,6
78,811,,,180,,991,,"1,749",56.66%,,306,,607,,913
79,"1,170",,,335,,"1,505",,"3,127",48.13%,,413,,934,,"1,347"
80,"1,517",,,237,,"1,754",,"2,810",62.42%,,448,,"1,179",,"1,627"
81,"1,100",,,220,,"1,320",,"2,230",59.19%,,442,,641,,"1,083"
82,"2,268",,,408,,"2,676",,"3,642",73.48%,,"1,663",,878,,"2,541"
83,"2,584",,,325,,"2,909",,"4,460",65.22%,,"1,027",,"1,750",,"2,777"
84,790,,,173,,963,,"1,510",63.77%,,680,,230,,910
85,903,,,152,,"1,055",,"2,139",49.32%,,57,,965,,"1,022"
86,"3,408",,,259,,"3,667",,"4,529",80.97%,,"1,427",,"2,041",,"3,468"
87,"2,246",,,207,,"2,453",,"2,919",84.04%,,"1,239",,"1,108",,"2,347"
88,644,,,111,,755,,"1,005",75.12%,,485,,223,,708
89,857,,,264,,"1,121",,"1,318",85.05%,,520,,553,,"1,073"
90,"2,657",,,561,,"3,218",,"4,112",78.26%,,"2,140",,930,,"3,070"
91,"1,363",,,153,,"1,516",,"2,152",70.45%,,824,,617,,"1,441"
92,"1,703",,,194,,"1,897",,"2,354",80.59%,,"1,072",,727,,"1,799"
93,"1,506",,,403,,"1,909",,"3,978",47.99%,,673,,"1,071",,"1,744"
94,248,,,61,,309,,622,49.68%,,72,,214,,286
95,"2,552",,,280,,"2,832",,"3,632",77.97%,,"1,407",,"1,298",,"2,705"
96,"1,382",,,229,,"1,611",,"2,598",62.01%,,323,,"1,207",,"1,530"
97,"3,616",,,432,,"4,048",,"5,308",76.26%,,"2,904",,963,,"3,867"
98,"2,024",,,402,,"2,426",,"3,480",69.71%,,"1,941",,384,,"2,325"
99,890,,,214,,"1,104",,"2,348",47.02%,,493,,524,,"1,017"
100,746,,,176,,922,,"1,935",47.65%,,401,,442,,843
101,284,,,93,,377,,951,39.64%,,82,,270,,352
102,714,,,161,,875,,"1,952",44.83%,,266,,542,,808
Precinct,,Early Ballots Cast,Election Ballots Cast,,Total Ballots Cast,,Registered Voters,,Percent Turnout,"REP
Mary Nan Huffman",,"DEM
Kim Ogg",,Totals,
103,"3,769",,,646,,"4,415",,"6,679",66.10%,,"2,078",,"2,126",,"4,204"
104,"1,058",,,101,,"1,159",,"1,845",62.82%,,82,,"1,023",,"1,105"
105,"1,073",,,273,,"1,346",,"2,531",53.18%,,426,,802,,"1,228"
106,104,,,40,,144,,326,44.17%,,65,,70,,135
107,834,,,302,,"1,136",,"2,395",47.43%,,260,,785,,"1,045"
108,"1,970",,,250,,"2,220",,"3,846",57.72%,,999,,"1,100",,"2,099"
109,"1,327",,,203,,"1,530",,"2,898",52.80%,,98,,"1,364",,"1,462"
110,"2,311",,,260,,"2,571",,"3,520",73.04%,,"1,253",,"1,207",,"2,460"
111,"4,371",,,516,,"4,887",,"6,160",79.33%,,"3,097",,"1,557",,"4,654"
112,"2,149",,,308,,"2,457",,"3,391",72.46%,,"1,416",,888,,"2,304"
113,"1,704",,,305,,"2,009",,"2,857",70.32%,,918,,"1,009",,"1,927"
114,"3,819",,,393,,"4,212",,"5,312",79.29%,,"2,829",,"1,193",,"4,022"
115,782,,,175,,957,,"1,850",51.73%,,166,,719,,885
116,"2,505",,,254,,"2,759",,"3,251",84.87%,,"1,859",,790,,"2,649"
117,901,,,203,,"1,104",,"2,029",54.41%,,385,,638,,"1,023"
118,"2,834",,,316,,"3,150",,"4,027",78.22%,,"1,362",,"1,680",,"3,042"
119,"4,149",,,403,,"4,552",,"5,795",78.55%,,"3,116",,"1,238",,"4,354"
120,"3,283",,,376,,"3,659",,"4,911",74.51%,,"1,825",,"1,557",,"3,382"
121,714,,,91,,805,,"1,203",66.92%,,480,,273,,753
122,917,,,147,,"1,064",,"1,897",56.09%,,102,,908,,"1,010"
123,"1,099",,,112,,"1,211",,"1,806",67.05%,,267,,878,,"1,145"
124,"4,424",,,479,,"4,903",,"6,133",79.94%,,"3,588",,"1,140",,"4,728"
125,"1,635",,,255,,"1,890",,"2,760",68.48%,,897,,888,,"1,785"
126,"3,118",,,291,,"3,409",,"4,025",84.70%,,"2,665",,612,,"3,277"
127,"1,335",,,129,,"1,464",,"2,315",63.24%,,973,,393,,"1,366"
128,"1,848",,,230,,"2,078",,"2,462",84.40%,,"1,010",,960,,"1,970"
129,"3,823",,,429,,"4,252",,"5,686",74.78%,,"2,128",,"1,930",,"4,058"
130,"1,742",,,139,,"1,881",,"2,273",82.75%,,"1,213",,593,,"1,806"
131,"1,214",,,240,,"1,454",,"2,447",59.42%,,313,,"1,071",,"1,384"
132,"1,258",,,122,,"1,380",,"2,324",59.38%,,65,,"1,265",,"1,330"
133,"2,209",,,207,,"2,416",,"2,774",87.09%,,"1,122",,"1,182",,"2,304"
134,866,,,233,,"1,099",,"1,683",65.30%,,436,,592,,"1,028"
135,"2,611",,,250,,"2,861",,"3,517",81.35%,,"1,555",,"1,175",,"2,730"
136,"1,262",,,132,,"1,394",,"2,122",65.69%,,115,,"1,239",,"1,354"
Precinct,,Early Ballots Cast,Election Ballots Cast,,Total Ballots Cast,,Registered Voters,,Percent Turnout,"REP
Mary Nan Huffman",,"DEM
Kim Ogg",,Totals,
137,"1,746",,,202,,"1,948",,"2,709",71.91%,,"1,175",,692,,"1,867"
138,744,,,137,,881,,"1,642",53.65%,,85,,738,,823
139,"3,012",,,270,,"3,282",,"4,251",77.21%,,"1,203",,"1,891",,"3,094"
140,"2,233",,,222,,"2,455",,"3,473",70.69%,,389,,"1,959",,"2,348"
141,374,,,83,,457,,986,46.35%,,263,,147,,410
142,380,,,131,,511,,"1,021",50.05%,,146,,312,,458
143,"4,114",,,280,,"4,394",,"5,027",87.41%,,"2,371",,"1,853",,"4,224"
144,495,,,76,,571,,"1,024",55.76%,,34,,506,,540
145,676,,,127,,803,,"1,526",52.62%,,30,,728,,758
146,"1,506",,,164,,"1,670",,"2,099",79.56%,,613,,993,,"1,606"
147,"1,782",,,210,,"1,992",,"3,360",59.29%,,289,,"1,597",,"1,886"
148,"2,082",,,79,,"2,161",,"2,659",81.27%,,692,,"1,358",,"2,050"
149,"7,213",,,549,,"7,762",,"8,999",86.25%,,"4,032",,"3,366",,"7,398"
150,730,,,149,,879,,"1,570",55.99%,,52,,783,,835
151,363,,,65,,428,,820,52.20%,,53,,350,,403
152,"1,141",,,404,,"1,545",,"3,298",46.85%,,419,,990,,"1,409"
153,759,,,287,,"1,046",,"2,090",50.05%,,335,,628,,963
154,"1,115",,,221,,"1,336",,"2,445",54.64%,,352,,856,,"1,208"
155,"3,170",,,287,,"3,457",,"4,441",77.84%,,"1,933",,"1,334",,"3,267"
156,"1,808",,,264,,"2,072",,"3,459",59.90%,,143,,"1,829",,"1,972"
157,"1,135",,,181,,"1,316",,"2,353",55.93%,,133,,"1,120",,"1,253"
158,"1,392",,,191,,"1,583",,"2,888",54.81%,,82,,"1,452",,"1,534"
159,675,,,118,,793,,"1,298",61.09%,,170,,581,,751
160,335,,,54,,389,,706,55.10%,,22,,346,,368
161,540,,,93,,633,,"1,105",57.29%,,52,,543,,595
162,557,,,200,,757,,"1,505",50.30%,,251,,428,,679
163,"1,411",,,337,,"1,748",,"3,216",54.35%,,644,,897,,"1,541"
164,580,,,152,,732,,"1,332",54.95%,,54,,642,,696
165,"1,680",,,186,,"1,866",,"2,614",71.38%,,"1,003",,752,,"1,755"
166,966,,,128,,"1,094",,"1,437",76.13%,,366,,669,,"1,035"
167,6,,,3,,9,,18,50.00%,,2,,7,,9
168,223,,,30,,253,,494,51.21%,,17,,214,,231
169,"1,191",,,172,,"1,363",,"2,535",53.77%,,78,,"1,200",,"1,278"
170,870,,,256,,"1,126",,"2,135",52.74%,,540,,505,,"1,045"
Precinct,,Early Ballots Cast,Election Ballots Cast,,Total Ballots Cast,,Registered Voters,,Percent Turnout,"REP
Mary Nan Huffman",,"DEM
Kim Ogg",,Totals,
171,592,,,155,,747,,"1,564",47.76%,,83,,617,,700
172,329,,,96,,425,,695,61.15%,,133,,258,,391
173,"3,676",,,383,,"4,059",,"4,889",83.02%,,"2,834",,"1,049",,"3,883"
174,"2,642",,,265,,"2,907",,"3,645",79.75%,,"1,645",,"1,098",,"2,743"
175,"2,096",,,135,,"2,231",,"2,675",83.40%,,965,,"1,160",,"2,125"
176,"1,040",,,99,,"1,139",,"1,385",82.24%,,502,,569,,"1,071"
177,"1,483",,,110,,"1,593",,"2,082",76.51%,,660,,847,,"1,507"
178,"1,615",,,116,,"1,731",,"2,077",83.34%,,905,,742,,"1,647"
179,"1,303",,,172,,"1,475",,"2,121",69.54%,,644,,736,,"1,380"
180,"1,258",,,257,,"1,515",,"2,971",50.99%,,119,,"1,314",,"1,433"
181,993,,,300,,"1,293",,"2,430",53.21%,,392,,790,,"1,182"
182,"3,233",,,239,,"3,472",,"4,295",80.84%,,"1,476",,"1,777",,"3,253"
183,"1,997",,,244,,"2,241",,"2,635",85.05%,,"1,167",,962,,"2,129"
184,466,,,169,,635,,"1,175",54.04%,,175,,399,,574
185,"1,023",,,250,,"1,273",,"2,142",59.43%,,395,,781,,"1,176"
186,358,,,85,,443,,850,52.12%,,76,,337,,413
187,121,,,26,,147,,324,45.37%,,49,,82,,131
188,692,,,212,,904,,"1,865",48.47%,,334,,498,,832
189,"1,232",,,101,,"1,333",,"1,637",81.43%,,660,,615,,"1,275"
190,758,,,232,,990,,"2,053",48.22%,,369,,530,,899
191,474,,,222,,696,,"1,560",44.62%,,242,,393,,635
192,998,,,170,,"1,168",,"2,036",57.37%,,136,,952,,"1,088"
193,553,,,88,,641,,"1,101",58.22%,,49,,573,,622
194,"1,804",,,162,,"1,966",,"2,567",76.59%,,446,,"1,432",,"1,878"
195,"1,008",,,153,,"1,161",,"1,902",61.04%,,177,,919,,"1,096"
196,216,,,39,,255,,398,64.07%,,41,,193,,234
197,"1,339",,,224,,"1,563",,"2,937",53.22%,,103,,"1,389",,"1,492"
198,281,,,65,,346,,643,53.81%,,44,,286,,330
199,"2,778",,,318,,"3,096",,"4,178",74.10%,,"2,092",,859,,"2,951"
200,"3,204",,,180,,"3,384",,"4,256",79.51%,,"1,276",,"1,975",,"3,251"
201,301,,,67,,368,,811,45.38%,,33,,315,,348
202,594,,,142,,736,,"1,411",52.16%,,54,,650,,704
203,425,,,83,,508,,"1,012",50.20%,,111,,356,,467
204,"2,832",,,249,,"3,081",,"3,785",81.40%,,"1,464",,"1,492",,"2,956"
Precinct,,Early Ballots Cast,Election Ballots Cast,,Total Ballots Cast,,Registered Voters,,Percent Turnout,"REP
Mary Nan Huffman",,"DEM
Kim Ogg",,Totals,
205,934,,,95,,"1,029",,"1,742",59.07%,,71,,911,,982
206,"2,095",,,291,,"2,386",,"3,455",69.06%,,711,,"1,546",,"2,257"
207,810,,,81,,891,,"1,238",71.97%,,286,,560,,846
208,"1,222",,,211,,"1,433",,"2,387",60.03%,,434,,760,,"1,194"
209,0,,,0,,0,,0,0.00%,,0,,0,,0
210,"1,937",,,206,,"2,143",,"3,250",65.94%,,326,,"1,718",,"2,044"
211,"1,452",,,413,,"1,865",,"3,304",56.45%,,696,,"1,029",,"1,725"
212,550,,,157,,707,,"1,468",48.16%,,188,,452,,640
213,"2,849",,,183,,"3,032",,"3,518",86.19%,,"2,130",,780,,"2,910"
214,"1,533",,,131,,"1,664",,"2,003",83.08%,,782,,805,,"1,587"
215,"1,887",,,152,,"2,039",,"2,401",84.92%,,955,,991,,"1,946"
216,"1,011",,,160,,"1,171",,"2,019",58.00%,,121,,990,,"1,111"
217,"2,205",,,203,,"2,408",,"2,873",83.81%,,"1,223",,"1,080",,"2,303"
218,"1,568",,,284,,"1,852",,"2,761",67.08%,,483,,"1,266",,"1,749"
219,"1,566",,,210,,"1,776",,"2,946",60.29%,,170,,"1,527",,"1,697"
220,"1,074",,,219,,"1,293",,"2,462",52.52%,,784,,417,,"1,201"
221,"1,429",,,296,,"1,725",,"2,904",59.40%,,636,,947,,"1,583"
222,"2,292",,,154,,"2,446",,"2,990",81.81%,,924,,"1,412",,"2,336"
223,"2,491",,,216,,"2,707",,"4,120",65.70%,,560,,"1,997",,"2,557"
224,"1,959",,,190,,"2,149",,"2,705",79.45%,,737,,"1,301",,"2,038"
225,"2,093",,,373,,"2,466",,"4,081",60.43%,,883,,"1,462",,"2,345"
226,"1,088",,,296,,"1,384",,"2,705",51.16%,,360,,934,,"1,294"
227,"1,358",,,129,,"1,487",,"1,776",83.73%,,868,,541,,"1,409"
228,808,,,55,,863,,"1,216",70.97%,,62,,772,,834
229,357,,,91,,448,,901,49.72%,,143,,261,,404
230,438,,,97,,535,,"1,090",49.08%,,49,,448,,497
231,"1,035",,,314,,"1,349",,"2,568",52.53%,,395,,845,,"1,240"
232,"1,448",,,158,,"1,606",,"1,914",83.91%,,757,,788,,"1,545"
233,"4,252",,,357,,"4,609",,"5,958",77.36%,,"1,604",,"2,783",,"4,387"
234,"3,490",,,229,,"3,719",,"4,529",82.12%,,"2,253",,"1,288",,"3,541"
235,718,,,137,,855,,"1,512",56.55%,,66,,744,,810
236,823,,,204,,"1,027",,"2,015",50.97%,,93,,889,,982
237,928,,,166,,"1,094",,"2,144",51.03%,,61,,965,,"1,026"
238,768,,,184,,952,,"1,940",49.07%,,74,,822,,896
Precinct,,Early Ballots Cast,Election Ballots Cast,,Total Ballots Cast,,Registered Voters,,Percent Turnout,"REP
Mary Nan Huffman",,"DEM
Kim Ogg",,Totals,
239,861,,,160,,"1,021",,"1,916",53.29%,,71,,900,,971
240,"1,273",,,163,,"1,436",,"2,636",54.48%,,83,,"1,285",,"1,368"
241,"1,003",,,290,,"1,293",,"2,746",47.09%,,464,,731,,"1,195"
242,708,,,283,,991,,"1,997",49.62%,,433,,475,,908
243,360,,,25,,385,,523,73.61%,,21,,354,,375
244,"2,028",,,296,,"2,324",,"3,459",67.19%,,"1,021",,"1,178",,"2,199"
245,"2,970",,,583,,"3,553",,"5,171",68.71%,,"2,088",,"1,295",,"3,383"
246,"3,115",,,359,,"3,474",,"4,741",73.28%,,"1,795",,"1,516",,"3,311"
247,622,,,175,,797,,"1,704",46.77%,,52,,697,,749
248,730,,,234,,964,,"2,260",42.65%,,314,,548,,862
249,"1,511",,,287,,"1,798",,"3,020",59.54%,,"1,071",,645,,"1,716"
250,445,,,79,,524,,909,57.65%,,36,,460,,496
251,"1,263",,,203,,"1,466",,"2,359",62.14%,,237,,"1,143",,"1,380"
252,"1,089",,,168,,"1,257",,"2,188",57.45%,,56,,"1,115",,"1,171"
253,962,,,154,,"1,116",,"2,119",52.67%,,80,,976,,"1,056"
254,678,,,169,,847,,"1,874",45.20%,,241,,539,,780
255,"1,815",,,209,,"2,024",,"2,483",81.51%,,743,,"1,203",,"1,946"
256,"1,903",,,290,,"2,193",,"3,487",62.89%,,743,,"1,263",,"2,006"
257,"1,579",,,429,,"2,008",,"3,865",51.95%,,527,,"1,323",,"1,850"
258,"2,601",,,277,,"2,878",,"3,427",83.98%,,"1,877",,858,,"2,735"
259,"1,288",,,168,,"1,456",,"2,168",67.16%,,71,,"1,319",,"1,390"
260,"1,002",,,151,,"1,153",,"1,537",75.02%,,540,,546,,"1,086"
261,615,,,173,,788,,"1,638",48.11%,,262,,450,,712
262,"2,699",,,371,,"3,070",,"4,719",65.06%,,"1,454",,"1,433",,"2,887"
263,"3,000",,,373,,"3,373",,"4,354",77.47%,,"2,147",,"1,060",,"3,207"
264,"1,750",,,332,,"2,082",,"3,320",62.71%,,920,,"1,024",,"1,944"
265,"2,791",,,263,,"3,054",,"3,776",80.88%,,"1,897",,977,,"2,874"
266,"1,012",,,262,,"1,274",,"2,339",54.47%,,503,,678,,"1,181"
267,634,,,205,,839,,"1,562",53.71%,,351,,426,,777
268,"1,898",,,211,,"2,109",,"2,534",83.23%,,965,,"1,033",,"1,998"
269,"1,856",,,121,,"1,977",,"2,255",87.67%,,"1,237",,645,,"1,882"
270,"2,520",,,304,,"2,824",,"4,125",68.46%,,"1,308",,"1,364",,"2,672"
271,"1,551",,,173,,"1,724",,"2,685",64.21%,,78,,"1,575",,"1,653"
272,"1,275",,,205,,"1,480",,"2,519",58.75%,,424,,970,,"1,394"
Precinct,,Early Ballots Cast,Election Ballots Cast,,Total Ballots Cast,,Registered Voters,,Percent Turnout,"REP
Mary Nan Huffman",,"DEM
Kim Ogg",,Totals,
273,"1,911",,,241,,"2,152",,"2,534",84.93%,,"1,485",,567,,"2,052"
274,"1,763",,,140,,"1,903",,"2,399",79.32%,,"1,069",,753,,"1,822"
275,734,,,205,,939,,"1,832",51.26%,,209,,672,,881
276,"1,151",,,165,,"1,316",,"2,410",54.61%,,55,,"1,207",,"1,262"
277,795,,,255,,"1,050",,"2,047",51.29%,,408,,569,,977
278,"1,401",,,348,,"1,749",,"2,847",61.43%,,770,,856,,"1,626"
279,"1,187",,,234,,"1,421",,"2,273",62.52%,,806,,524,,"1,330"
280,662,,,223,,885,,"1,774",49.89%,,271,,550,,821
281,"1,777",,,144,,"1,921",,"2,267",84.74%,,782,,"1,032",,"1,814"
282,"1,454",,,268,,"1,722",,"2,466",69.83%,,778,,869,,"1,647"
283,"3,906",,,792,,"4,698",,"7,914",59.36%,,973,,"3,488",,"4,461"
284,"2,027",,,316,,"2,343",,"4,036",58.05%,,794,,"1,363",,"2,157"
285,"1,326",,,300,,"1,626",,"2,823",57.60%,,213,,"1,326",,"1,539"
286,"2,298",,,270,,"2,568",,"3,935",65.26%,,329,,"2,120",,"2,449"
287,"1,254",,,177,,"1,431",,"1,750",81.77%,,583,,800,,"1,383"
288,"1,086",,,169,,"1,255",,"2,156",58.21%,,50,,"1,163",,"1,213"
289,734,,,223,,957,,"1,705",56.13%,,379,,522,,901
290,"1,112",,,193,,"1,305",,"1,748",74.66%,,902,,335,,"1,237"
291,792,,,80,,872,,"1,197",72.85%,,326,,499,,825
292,721,,,138,,859,,"1,535",55.96%,,157,,644,,801
293,"1,228",,,189,,"1,417",,"1,880",75.37%,,498,,852,,"1,350"
294,989,,,153,,"1,142",,"1,968",58.03%,,53,,"1,025",,"1,078"
295,377,,,67,,444,,869,51.09%,,26,,401,,427
296,963,,,204,,"1,167",,"1,686",69.22%,,564,,521,,"1,085"
297,"1,092",,,185,,"1,277",,"2,156",59.23%,,429,,762,,"1,191"
298,"1,459",,,202,,"1,661",,"2,374",69.97%,,731,,826,,"1,557"
299,824,,,140,,964,,"1,749",55.12%,,307,,572,,879
300,"4,593",,,293,,"4,886",,"5,889",82.97%,,"3,338",,"1,347",,"4,685"
301,"1,022",,,285,,"1,307",,"2,534",51.58%,,521,,687,,"1,208"
302,"1,584",,,422,,"2,006",,"3,538",56.70%,,"1,042",,853,,"1,895"
303,"2,772",,,251,,"3,023",,"3,557",84.99%,,"2,036",,858,,"2,894"
304,"1,673",,,197,,"1,870",,"2,349",79.61%,,899,,880,,"1,779"
305,"3,391",,,520,,"3,911",,"6,061",64.53%,,"1,268",,"2,436",,"3,704"
306,"1,479",,,89,,"1,568",,"1,913",81.97%,,904,,587,,"1,491"
Precinct,,Early Ballots Cast,Election Ballots Cast,,Total Ballots Cast,,Registered Voters,,Percent Turnout,"REP
Mary Nan Huffman",,"DEM
Kim Ogg",,Totals,
307,"2,084",,,400,,"2,484",,"3,270",75.96%,,"1,448",,883,,"2,331"
308,742,,,171,,913,,"1,646",55.47%,,255,,608,,863
309,"3,071",,,216,,"3,287",,"3,832",85.78%,,"2,172",,975,,"3,147"
310,"1,116",,,147,,"1,263",,"1,625",77.72%,,678,,520,,"1,198"
311,"1,485",,,356,,"1,841",,"3,170",58.08%,,820,,840,,"1,660"
312,"2,328",,,289,,"2,617",,"3,914",66.86%,,"1,164",,"1,332",,"2,496"
313,35,,,13,,48,,79,60.76%,,26,,15,,41
314,"4,290",,,458,,"4,748",,"6,211",76.45%,,"2,484",,"2,032",,"4,516"
315,"1,145",,,159,,"1,304",,"1,625",80.25%,,616,,624,,"1,240"
316,"1,157",,,90,,"1,247",,"1,538",81.08%,,547,,643,,"1,190"
317,757,,,163,,920,,"1,578",58.30%,,189,,676,,865
318,"2,189",,,259,,"2,448",,"3,827",63.97%,,222,,"2,111",,"2,333"
319,"1,223",,,145,,"1,368",,"2,255",60.67%,,140,,"1,161",,"1,301"
320,724,,,209,,933,,"1,738",53.68%,,378,,480,,858
321,"1,076",,,273,,"1,349",,"2,721",49.58%,,438,,802,,"1,240"
322,483,,,104,,587,,"1,138",51.58%,,171,,386,,557
323,"1,071",,,189,,"1,260",,"2,036",61.89%,,440,,749,,"1,189"
324,"2,066",,,174,,"2,240",,"2,697",83.06%,,"1,215",,939,,"2,154"
325,"1,038",,,243,,"1,281",,"2,322",55.17%,,289,,908,,"1,197"
326,412,,,81,,493,,822,59.98%,,182,,263,,445
327,857,,,103,,960,,"1,744",55.05%,,88,,804,,892
328,647,,,190,,837,,"1,701",49.21%,,295,,483,,778
329,857,,,173,,"1,030",,"1,723",59.78%,,361,,598,,959
330,"1,630",,,240,,"1,870",,"2,740",68.25%,,712,,"1,040",,"1,752"
331,"4,029",,,457,,"4,486",,"5,068",88.52%,,"2,196",,"2,057",,"4,253"
332,"2,142",,,347,,"2,489",,"3,623",68.70%,,425,,"1,916",,"2,341"
333,"2,414",,,450,,"2,864",,"3,897",73.49%,,"1,833",,876,,"2,709"
334,462,,,62,,524,,"1,011",51.83%,,97,,405,,502
335,749,,,173,,922,,"1,869",49.33%,,251,,577,,828
336,"4,069",,,458,,"4,527",,"6,292",71.95%,,600,,"3,765",,"4,365"
337,548,,,116,,664,,"1,174",56.56%,,108,,509,,617
338,"2,607",,,374,,"2,981",,"5,065",58.85%,,"1,082",,"1,655",,"2,737"
339,"1,039",,,195,,"1,234",,"2,205",55.96%,,301,,836,,"1,137"
340,"2,698",,,371,,"3,069",,"4,127",74.36%,,"1,997",,925,,"2,922"
Precinct,,Early Ballots Cast,Election Ballots Cast,,Total Ballots Cast,,Registered Voters,,Percent Turnout,"REP
Mary Nan Huffman",,"DEM
Kim Ogg",,Totals,
341,585,,,188,,773,,"1,477",52.34%,,219,,486,,705
342,449,,,146,,595,,"1,135",52.42%,,133,,434,,567
343,"1,070",,,253,,"1,323",,"2,366",55.92%,,334,,869,,"1,203"
344,541,,,108,,649,,"1,237",52.47%,,54,,541,,595
345,962,,,250,,"1,212",,"2,186",55.44%,,261,,863,,"1,124"
346,1,,,0,,1,,2,50.00%,,1,,0,,1
347,"2,171",,,365,,"2,536",,"3,905",64.94%,,"1,349",,"1,041",,"2,390"
348,"1,074",,,157,,"1,231",,"1,947",63.23%,,725,,445,,"1,170"
349,813,,,157,,970,,"1,490",65.10%,,540,,373,,913
350,"2,311",,,186,,"2,497",,"3,560",70.14%,,700,,"1,639",,"2,339"
351,"3,680",,,314,,"3,994",,"5,096",78.38%,,"2,774",,"1,047",,"3,821"
352,"2,945",,,394,,"3,339",,"4,736",70.50%,,"2,290",,864,,"3,154"
353,"2,430",,,389,,"2,819",,"4,538",62.12%,,627,,"2,022",,"2,649"
354,"2,039",,,282,,"2,321",,"3,618",64.15%,,607,,"1,579",,"2,186"
355,"1,182",,,127,,"1,309",,"1,941",67.44%,,163,,"1,112",,"1,275"
356,"2,238",,,316,,"2,554",,"3,435",74.35%,,"1,221",,"1,227",,"2,448"
357,"2,510",,,304,,"2,814",,"3,806",73.94%,,"1,864",,818,,"2,682"
358,"1,194",,,255,,"1,449",,"2,852",50.81%,,221,,"1,143",,"1,364"
359,"1,223",,,311,,"1,534",,"3,364",45.60%,,243,,"1,207",,"1,450"
360,"2,766",,,226,,"2,992",,"3,914",76.44%,,"1,160",,"1,666",,"2,826"
361,"1,092",,,86,,"1,178",,"2,065",57.05%,,119,,968,,"1,087"
362,"3,679",,,321,,"4,000",,"5,225",76.56%,,"2,491",,"1,323",,"3,814"
363,"3,159",,,497,,"3,656",,"5,355",68.27%,,"1,216",,"2,278",,"3,494"
364,"1,714",,,290,,"2,004",,"3,046",65.79%,,836,,"1,037",,"1,873"
365,972,,,79,,"1,051",,"1,329",79.08%,,157,,856,,"1,013"
366,"1,983",,,436,,"2,419",,"3,908",61.90%,,711,,"1,557",,"2,268"
367,839,,,105,,944,,"1,476",63.96%,,242,,640,,882
368,583,,,90,,673,,"1,091",61.69%,,199,,438,,637
369,262,,,51,,313,,943,33.19%,,62,,239,,301
370,"3,636",,,334,,"3,970",,"5,204",76.29%,,"2,560",,"1,220",,"3,780"
371,252,,,28,,280,,498,56.22%,,18,,248,,266
372,699,,,104,,803,,"1,283",62.59%,,117,,653,,770
373,68,,,8,,76,,161,47.20%,,9,,61,,70
374,290,,,106,,396,,716,55.31%,,134,,222,,356
Precinct,,Early Ballots Cast,Election Ballots Cast,,Total Ballots Cast,,Registered Voters,,Percent Turnout,"REP
Mary Nan Huffman",,"DEM
Kim Ogg",,Totals,
375,"1,082",,,352,,"1,434",,"3,090",46.41%,,555,,749,,"1,304"
376,"1,138",,,267,,"1,405",,"2,353",59.71%,,536,,762,,"1,298"
377,"2,133",,,251,,"2,384",,"3,328",71.63%,,"1,668",,596,,"2,264"
378,"1,172",,,133,,"1,305",,"1,845",70.73%,,728,,480,,"1,208"
379,"1,038",,,228,,"1,266",,"2,186",57.91%,,169,,"1,029",,"1,198"
380,"4,049",,,376,,"4,425",,"5,568",79.47%,,"2,018",,"2,233",,"4,251"
381,"2,125",,,420,,"2,545",,"4,205",60.52%,,983,,"1,377",,"2,360"
382,718,,,129,,847,,"1,271",66.64%,,486,,313,,799
383,"1,184",,,294,,"1,478",,"2,620",56.41%,,517,,882,,"1,399"
384,"1,685",,,188,,"1,873",,"2,807",66.73%,,487,,"1,286",,"1,773"
385,"1,648",,,177,,"1,825",,"2,148",84.96%,,"1,212",,544,,"1,756"
386,"2,145",,,282,,"2,427",,"3,360",72.23%,,"1,601",,725,,"2,326"
387,"2,680",,,472,,"3,152",,"4,837",65.16%,,"2,048",,936,,"2,984"
388,"4,348",,,433,,"4,781",,"6,473",73.86%,,"2,069",,"2,491",,"4,560"
389,511,,,87,,598,,"1,501",39.84%,,65,,501,,566
390,"1,011",,,89,,"1,100",,"1,601",68.71%,,153,,899,,"1,052"
391,"1,386",,,167,,"1,553",,"2,101",73.92%,,784,,686,,"1,470"
392,730,,,86,,816,,"1,379",59.17%,,37,,750,,787
393,800,,,129,,929,,"1,483",62.64%,,388,,485,,873
394,344,,,123,,467,,"1,060",44.06%,,194,,223,,417
395,"1,252",,,217,,"1,469",,"1,931",76.07%,,884,,530,,"1,414"
396,"1,211",,,111,,"1,322",,"2,059",64.21%,,83,,"1,183",,"1,266"
397,349,,,84,,433,,887,48.82%,,157,,242,,399
398,"2,402",,,427,,"2,829",,"4,280",66.10%,,"1,192",,"1,506",,"2,698"
399,"1,841",,,358,,"2,199",,"4,056",54.22%,,700,,"1,383",,"2,083"
400,"2,189",,,202,,"2,391",,"3,092",77.33%,,"1,289",,963,,"2,252"
401,893,,,174,,"1,067",,"2,037",52.38%,,87,,919,,"1,006"
402,"1,200",,,139,,"1,339",,"2,087",64.16%,,116,,"1,165",,"1,281"
403,"1,316",,,179,,"1,495",,"1,723",86.77%,,677,,744,,"1,421"
404,"1,355",,,324,,"1,679",,"2,939",57.13%,,814,,770,,"1,584"
405,"2,955",,,309,,"3,264",,"4,002",81.56%,,"2,329",,805,,"3,134"
406,273,,,30,,303,,585,51.79%,,17,,268,,285
407,"2,806",,,279,,"3,085",,"4,245",72.67%,,"1,602",,"1,314",,"2,916"
408,688,,,221,,909,,"1,884",48.25%,,312,,509,,821
Precinct,,Early Ballots Cast,Election Ballots Cast,,Total Ballots Cast,,Registered Voters,,Percent Turnout,"REP
Mary Nan Huffman",,"DEM
Kim Ogg",,Totals,
409,677,,,242,,919,,"1,844",49.84%,,309,,529,,838
410,504,,,64,,568,,980,57.96%,,123,,414,,537
411,"1,024",,,233,,"1,257",,"2,541",49.47%,,416,,743,,"1,159"
412,202,,,41,,243,,470,51.70%,,25,,203,,228
413,"2,007",,,239,,"2,246",,"3,170",70.85%,,830,,"1,304",,"2,134"
414,"2,027",,,350,,"2,377",,"3,815",62.31%,,"1,592",,664,,"2,256"
415,"1,550",,,291,,"1,841",,"2,346",78.47%,,"1,150",,607,,"1,757"
416,"2,604",,,347,,"2,951",,"4,474",65.96%,,"1,231",,"1,515",,"2,746"
417,"1,490",,,238,,"1,728",,"2,681",64.45%,,720,,915,,"1,635"
418,"1,937",,,441,,"2,378",,"4,208",56.51%,,817,,"1,382",,"2,199"
419,"1,494",,,364,,"1,858",,"2,962",62.73%,,981,,774,,"1,755"
420,"3,482",,,403,,"3,885",,"5,076",76.54%,,"3,029",,683,,"3,712"
421,"1,557",,,162,,"1,719",,"2,247",76.50%,,718,,926,,"1,644"
422,"1,846",,,247,,"2,093",,"3,400",61.56%,,134,,"1,852",,"1,986"
423,527,,,195,,722,,"1,504",48.01%,,187,,469,,656
424,915,,,93,,"1,008",,"1,371",73.52%,,480,,459,,939
425,328,,,85,,413,,822,50.24%,,109,,266,,375
426,708,,,136,,844,,"1,305",64.67%,,391,,395,,786
427,607,,,116,,723,,"1,162",62.22%,,261,,394,,655
428,"3,132",,,394,,"3,526",,"5,634",62.58%,,"1,256",,"1,920",,"3,176"
429,"1,417",,,308,,"1,725",,"3,215",53.65%,,454,,"1,134",,"1,588"
430,809,,,237,,"1,046",,"1,945",53.78%,,220,,715,,935
431,"1,876",,,419,,"2,295",,"4,356",52.69%,,528,,"1,545",,"2,073"
432,713,,,145,,858,,"1,705",50.32%,,246,,562,,808
433,249,,,76,,325,,582,55.84%,,79,,221,,300
434,"1,245",,,75,,"1,320",,"1,688",78.20%,,609,,642,,"1,251"
435,"2,606",,,230,,"2,836",,"3,580",79.22%,,"1,489",,"1,202",,"2,691"
436,"2,947",,,294,,"3,241",,"4,291",75.53%,,"1,477",,"1,607",,"3,084"
437,"1,639",,,239,,"1,878",,"2,351",79.88%,,"1,077",,713,,"1,790"
438,"2,866",,,224,,"3,090",,"3,818",80.93%,,"1,901",,"1,043",,"2,944"
439,"2,981",,,316,,"3,297",,"4,181",78.86%,,"1,884",,"1,221",,"3,105"
440,"2,319",,,256,,"2,575",,"3,025",85.12%,,"1,747",,695,,"2,442"
441,"1,196",,,153,,"1,349",,"1,660",81.27%,,861,,417,,"1,278"
442,"3,274",,,315,,"3,589",,"4,498",79.79%,,"2,596",,860,,"3,456"
Precinct,,Early Ballots Cast,Election Ballots Cast,,Total Ballots Cast,,Registered Voters,,Percent Turnout,"REP
Mary Nan Huffman",,"DEM
Kim Ogg",,Totals,
443,540,,,29,,569,,689,82.58%,,365,,181,,546
444,"2,448",,,348,,"2,796",,"3,932",71.11%,,"1,383",,"1,256",,"2,639"
445,"1,448",,,168,,"1,616",,"2,269",71.22%,,877,,670,,"1,547"
446,129,,,27,,156,,352,44.32%,,55,,81,,136
447,"4,491",,,370,,"4,861",,"5,607",86.70%,,"2,712",,"1,957",,"4,669"
448,"2,438",,,170,,"2,608",,"3,295",79.15%,,"1,282",,"1,184",,"2,466"
449,90,,,20,,110,,214,51.40%,,6,,101,,107
450,"1,433",,,232,,"1,665",,"2,943",56.57%,,462,,"1,128",,"1,590"
451,"2,062",,,192,,"2,254",,"2,804",80.39%,,"1,600",,560,,"2,160"
452,"3,244",,,478,,"3,722",,"5,338",69.73%,,"2,220",,"1,330",,"3,550"
453,"1,146",,,226,,"1,372",,"2,186",62.76%,,378,,905,,"1,283"
454,"1,190",,,162,,"1,352",,"2,426",55.73%,,68,,"1,201",,"1,269"
455,699,,,130,,829,,"1,617",51.27%,,64,,701,,765
456,"2,159",,,392,,"2,551",,"4,327",58.96%,,"1,227",,"1,140",,"2,367"
457,0,,,0,,0,,0,0.00%,,0,,0,,0
458,"1,191",,,136,,"1,327",,"2,124",62.48%,,133,,"1,122",,"1,255"
459,"2,972",,,174,,"3,146",,"4,020",78.26%,,"2,179",,826,,"3,005"
460,"2,460",,,299,,"2,759",,"4,079",67.64%,,765,,"1,832",,"2,597"
461,"3,227",,,289,,"3,516",,"4,549",77.29%,,"1,871",,"1,458",,"3,329"
462,"2,272",,,330,,"2,602",,"3,692",70.48%,,878,,"1,611",,"2,489"
463,"2,623",,,454,,"3,077",,"4,541",67.76%,,"1,035",,"1,859",,"2,894"
464,"1,486",,,357,,"1,843",,"2,691",68.49%,,"1,008",,751,,"1,759"
465,"2,269",,,331,,"2,600",,"4,015",64.76%,,947,,"1,544",,"2,491"
466,"2,887",,,272,,"3,159",,"4,352",72.59%,,"1,416",,"1,582",,"2,998"
467,748,,,100,,848,,"1,399",60.61%,,237,,565,,802
468,"2,321",,,465,,"2,786",,"4,525",61.57%,,840,,"1,732",,"2,572"
469,"2,329",,,248,,"2,577",,"3,332",77.34%,,"1,829",,648,,"2,477"
470,814,,,148,,962,,"1,465",65.67%,,664,,243,,907
471,"1,605",,,244,,"1,849",,"2,650",69.77%,,"1,348",,409,,"1,757"
472,788,,,141,,929,,"1,186",78.33%,,308,,565,,873
473,"1,246",,,191,,"1,437",,"1,797",79.97%,,850,,511,,"1,361"
474,"2,093",,,265,,"2,358",,"3,226",73.09%,,"1,347",,880,,"2,227"
475,"1,275",,,202,,"1,477",,"2,271",65.04%,,646,,741,,"1,387"
476,"1,445",,,239,,"1,684",,"2,527",66.64%,,785,,807,,"1,592"
Precinct,,Early Ballots Cast,Election Ballots Cast,,Total Ballots Cast,,Registered Voters,,Percent Turnout,"REP
Mary Nan Huffman",,"DEM
Kim Ogg",,Totals,
477,"2,957",,,424,,"3,381",,"4,696",72.00%,,"2,025",,"1,196",,"3,221"
478,"2,938",,,395,,"3,333",,"4,905",67.95%,,"1,758",,"1,418",,"3,176"
479,"2,691",,,265,,"2,956",,"3,769",78.43%,,"1,992",,844,,"2,836"
480,"2,041",,,346,,"2,387",,"3,290",72.55%,,"1,428",,841,,"2,269"
481,"2,520",,,346,,"2,866",,"4,012",71.44%,,"1,889",,862,,"2,751"
482,"3,122",,,418,,"3,540",,"4,981",71.07%,,"2,084",,"1,284",,"3,368"
483,"3,255",,,328,,"3,583",,"4,997",71.70%,,"1,502",,"1,884",,"3,386"
484,"2,649",,,404,,"3,053",,"4,096",74.54%,,"1,699",,"1,221",,"2,920"
485,"2,896",,,443,,"3,339",,"4,538",73.58%,,"2,126",,"1,047",,"3,173"
486,"3,212",,,387,,"3,599",,"4,495",80.07%,,"2,463",,971,,"3,434"
487,"2,061",,,351,,"2,412",,"4,291",56.21%,,846,,"1,333",,"2,179"
488,"1,371",,,179,,"1,550",,"2,524",61.41%,,466,,967,,"1,433"
489,"1,214",,,167,,"1,381",,"2,014",68.57%,,361,,945,,"1,306"
490,"1,364",,,163,,"1,527",,"2,209",69.13%,,458,,984,,"1,442"
491,"1,651",,,247,,"1,898",,"2,725",69.65%,,773,,"1,023",,"1,796"
492,"1,546",,,215,,"1,761",,"2,609",67.50%,,762,,921,,"1,683"
493,"2,158",,,307,,"2,465",,"3,670",67.17%,,960,,"1,369",,"2,329"
494,"1,573",,,290,,"1,863",,"3,318",56.15%,,350,,"1,408",,"1,758"
495,"1,923",,,233,,"2,156",,"2,717",79.35%,,"1,280",,774,,"2,054"
496,"1,166",,,381,,"1,547",,"2,514",61.54%,,566,,860,,"1,426"
497,"1,146",,,121,,"1,267",,"2,190",57.85%,,93,,"1,109",,"1,202"
498,"1,488",,,228,,"1,716",,"2,703",63.49%,,556,,"1,079",,"1,635"
499,"1,883",,,179,,"2,062",,"2,483",83.04%,,"1,264",,726,,"1,990"
500,"2,508",,,376,,"2,884",,"4,131",69.81%,,"1,610",,"1,151",,"2,761"
501,"1,775",,,140,,"1,915",,"2,404",79.66%,,671,,"1,151",,"1,822"
502,"1,725",,,224,,"1,949",,"2,969",65.64%,,"1,464",,387,,"1,851"
503,"1,949",,,236,,"2,185",,"2,773",78.80%,,"1,468",,597,,"2,065"
504,"1,747",,,191,,"1,938",,"2,398",80.82%,,"1,053",,788,,"1,841"
505,"2,500",,,415,,"2,915",,"4,384",66.49%,,"1,104",,"1,673",,"2,777"
506,"2,175",,,346,,"2,521",,"3,653",69.01%,,465,,"1,949",,"2,414"
507,903,,,231,,"1,134",,"2,665",42.55%,,352,,635,,987
508,"2,470",,,441,,"2,911",,"5,067",57.45%,,"1,058",,"1,552",,"2,610"
509,"3,504",,,396,,"3,900",,"5,663",68.87%,,"2,173",,"1,541",,"3,714"
510,"2,461",,,360,,"2,821",,"4,101",68.79%,,982,,"1,700",,"2,682"
Precinct,,Early Ballots Cast,Election Ballots Cast,,Total Ballots Cast,,Registered Voters,,Percent Turnout,"REP
Mary Nan Huffman",,"DEM
Kim Ogg",,Totals,
511,"6,864",,,508,,"7,372",,"8,699",84.75%,,"4,080",,"2,954",,"7,034"
512,"2,683",,,562,,"3,245",,"5,084",63.83%,,"1,260",,"1,786",,"3,046"
513,"2,195",,,236,,"2,431",,"3,156",77.03%,,"1,535",,816,,"2,351"
514,"2,880",,,402,,"3,282",,"4,667",70.32%,,"2,003",,"1,111",,"3,114"
515,"2,312",,,266,,"2,578",,"3,276",78.69%,,"1,793",,685,,"2,478"
516,"1,798",,,238,,"2,036",,"2,951",68.99%,,920,,"1,016",,"1,936"
517,"2,344",,,386,,"2,730",,"4,249",64.25%,,"1,142",,"1,415",,"2,557"
518,"2,723",,,426,,"3,149",,"4,306",73.13%,,"1,605",,"1,387",,"2,992"
519,"1,850",,,282,,"2,132",,"3,231",65.99%,,"1,255",,779,,"2,034"
520,"2,540",,,395,,"2,935",,"5,515",53.22%,,472,,"2,323",,"2,795"
521,"1,939",,,264,,"2,203",,"3,232",68.16%,,945,,"1,151",,"2,096"
522,"2,079",,,184,,"2,263",,"2,920",77.50%,,"1,491",,685,,"2,176"
523,"2,242",,,355,,"2,597",,"3,840",67.63%,,"1,271",,"1,154",,"2,425"
524,"2,094",,,324,,"2,418",,"3,748",64.51%,,735,,"1,541",,"2,276"
525,"2,036",,,251,,"2,287",,"3,369",67.88%,,511,,"1,645",,"2,156"
526,352,,,123,,475,,899,52.84%,,127,,297,,424
527,207,,,51,,258,,641,40.25%,,107,,126,,233
528,28,,,10,,38,,88,43.18%,,5,,31,,36
529,"2,732",,,289,,"3,021",,"4,085",73.95%,,"2,306",,581,,"2,887"
530,512,,,106,,618,,"1,276",48.43%,,174,,391,,565
531,"1,593",,,155,,"1,748",,"2,450",71.35%,,"1,233",,407,,"1,640"
532,581,,,102,,683,,"1,101",62.03%,,430,,230,,660
533,486,,,128,,614,,"1,211",50.70%,,298,,278,,576
534,"2,522",,,342,,"2,864",,"4,116",69.58%,,"1,899",,790,,"2,689"
535,168,,,51,,219,,424,51.65%,,92,,109,,201
536,"3,562",,,664,,"4,226",,"6,474",65.28%,,"1,681",,"2,234",,"3,915"
537,"2,666",,,173,,"2,839",,"3,443",82.46%,,"1,872",,818,,"2,690"
538,530,,,82,,612,,"1,265",48.38%,,31,,546,,577
539,"1,134",,,169,,"1,303",,"1,816",71.75%,,612,,615,,"1,227"
540,"1,942",,,121,,"2,063",,"2,643",78.06%,,554,,"1,395",,"1,949"
541,"3,124",,,392,,"3,516",,"5,525",63.64%,,552,,"2,813",,"3,365"
542,"1,499",,,258,,"1,757",,"2,813",62.46%,,219,,"1,406",,"1,625"
543,767,,,221,,988,,"1,787",55.29%,,337,,574,,911
544,96,,,45,,141,,289,48.79%,,18,,116,,134
Precinct,,Early Ballots Cast,Election Ballots Cast,,Total Ballots Cast,,Registered Voters,,Percent Turnout,"REP
Mary Nan Huffman",,"DEM
Kim Ogg",,Totals,
545,"3,245",,,319,,"3,564",,"4,728",75.38%,,"1,691",,"1,651",,"3,342"
546,"1,915",,,155,,"2,070",,"2,562",80.80%,,"1,580",,400,,"1,980"
547,"1,653",,,185,,"1,838",,"2,631",69.86%,,"1,097",,645,,"1,742"
548,"1,373",,,235,,"1,608",,"2,520",63.81%,,696,,833,,"1,529"
549,"1,587",,,241,,"1,828",,"2,970",61.55%,,312,,"1,419",,"1,731"
550,"1,579",,,299,,"1,878",,"3,358",55.93%,,656,,"1,142",,"1,798"
551,"3,938",,,427,,"4,365",,"5,308",82.23%,,"2,972",,"1,226",,"4,198"
552,"2,877",,,455,,"3,332",,"4,186",79.60%,,"2,447",,747,,"3,194"
553,"1,791",,,263,,"2,054",,"2,992",68.65%,,771,,"1,155",,"1,926"
554,904,,,141,,"1,045",,"1,845",56.64%,,229,,738,,967
555,912,,,210,,"1,122",,"2,116",53.02%,,235,,815,,"1,050"
556,"1,190",,,290,,"1,480",,"2,645",55.95%,,399,,960,,"1,359"
557,"1,589",,,237,,"1,826",,"3,152",57.93%,,686,,962,,"1,648"
558,"2,719",,,389,,"3,108",,"4,964",62.61%,,994,,"1,946",,"2,940"
559,"2,676",,,464,,"3,140",,"5,388",58.28%,,689,,"2,281",,"2,970"
560,443,,,134,,577,,"1,209",47.73%,,151,,368,,519
561,"1,727",,,334,,"2,061",,"3,323",62.02%,,"1,181",,736,,"1,917"
562,335,,,50,,385,,696,55.32%,,60,,280,,340
563,"2,405",,,177,,"2,582",,"3,411",75.70%,,"1,752",,723,,"2,475"
564,"2,406",,,261,,"2,667",,"3,913",68.16%,,546,,"1,987",,"2,533"
565,499,,,106,,605,,"1,400",43.21%,,163,,392,,555
566,"1,617",,,282,,"1,899",,"3,112",61.02%,,483,,"1,296",,"1,779"
567,"1,353",,,275,,"1,628",,"2,939",55.39%,,472,,"1,030",,"1,502"
568,"2,552",,,330,,"2,882",,"3,661",78.72%,,"1,562",,"1,168",,"2,730"
569,"3,133",,,396,,"3,529",,"4,927",71.63%,,"1,397",,"1,933",,"3,330"
570,"1,046",,,117,,"1,163",,"1,701",68.37%,,323,,783,,"1,106"
571,708,,,238,,946,,"2,121",44.60%,,320,,539,,859
572,"2,116",,,249,,"2,365",,"3,627",65.21%,,813,,"1,437",,"2,250"
573,702,,,154,,856,,"1,656",51.69%,,45,,776,,821
574,162,,,36,,198,,408,48.53%,,40,,146,,186
575,"2,832",,,381,,"3,213",,"4,557",70.51%,,"1,558",,"1,482",,"3,040"
576,"1,569",,,185,,"1,754",,"2,956",59.34%,,181,,"1,489",,"1,670"
577,"1,486",,,141,,"1,627",,"1,981",82.13%,,868,,672,,"1,540"
578,"1,455",,,144,,"1,599",,"1,968",81.25%,,854,,671,,"1,525"
Precinct,,Early Ballots Cast,Election Ballots Cast,,Total Ballots Cast,,Registered Voters,,Percent Turnout,"REP
Mary Nan Huffman",,"DEM
Kim Ogg",,Totals,
579,460,,,149,,609,,"1,322",46.07%,,143,,409,,552
580,461,,,68,,529,,943,56.10%,,40,,458,,498
581,520,,,69,,589,,972,60.60%,,28,,529,,557
582,746,,,131,,877,,"1,691",51.86%,,87,,728,,815
583,555,,,100,,655,,"1,275",51.37%,,41,,566,,607
584,459,,,78,,537,,"1,053",51.00%,,62,,440,,502
585,"1,070",,,177,,"1,247",,"2,409",51.76%,,132,,"1,054",,"1,186"
586,"2,423",,,547,,"2,970",,"4,770",62.26%,,"1,487",,"1,335",,"2,822"
587,"1,977",,,326,,"2,303",,"3,462",66.52%,,684,,"1,497",,"2,181"
588,"2,678",,,383,,"3,061",,"4,215",72.62%,,"1,706",,"1,229",,"2,935"
589,"2,270",,,427,,"2,697",,"4,329",62.30%,,"1,074",,"1,491",,"2,565"
590,"1,576",,,176,,"1,752",,"2,175",80.55%,,"1,217",,456,,"1,673"
591,904,,,315,,"1,219",,"2,406",50.67%,,368,,725,,"1,093"
592,741,,,181,,922,,"1,602",57.55%,,248,,614,,862
593,"2,630",,,515,,"3,145",,"4,802",65.49%,,"1,389",,"1,536",,"2,925"
594,"1,505",,,205,,"1,710",,"2,706",63.19%,,434,,"1,189",,"1,623"
595,939,,,182,,"1,121",,"2,021",55.47%,,206,,849,,"1,055"
596,"1,879",,,453,,"2,332",,"3,863",60.37%,,958,,"1,266",,"2,224"
597,"2,061",,,374,,"2,435",,"4,039",60.29%,,886,,"1,411",,"2,297"
598,"3,635",,,567,,"4,202",,"6,314",66.55%,,"1,470",,"2,510",,"3,980"
599,"2,126",,,325,,"2,451",,"3,678",66.64%,,751,,"1,585",,"2,336"
600,"2,548",,,419,,"2,967",,"4,497",65.98%,,966,,"1,807",,"2,773"
601,"2,950",,,352,,"3,302",,"4,276",77.22%,,"2,134",,"1,033",,"3,167"
602,"1,126",,,112,,"1,238",,"1,575",78.60%,,789,,401,,"1,190"
603,"3,648",,,417,,"4,065",,"5,660",71.82%,,"2,000",,"1,822",,"3,822"
604,"2,427",,,275,,"2,702",,"3,528",76.59%,,"2,136",,435,,"2,571"
605,"2,373",,,354,,"2,727",,"4,528",60.23%,,742,,"1,826",,"2,568"
606,408,,,75,,483,,906,53.31%,,35,,419,,454
607,472,,,75,,547,,978,55.93%,,63,,457,,520
608,235,,,78,,313,,641,48.83%,,117,,171,,288
609,"2,885",,,457,,"3,342",,"4,669",71.58%,,"1,794",,"1,369",,"3,163"
610,"1,176",,,259,,"1,435",,"2,456",58.43%,,581,,740,,"1,321"
611,"1,157",,,170,,"1,327",,"2,476",53.59%,,98,,"1,143",,"1,241"
612,"2,405",,,251,,"2,656",,"3,493",76.04%,,"1,823",,707,,"2,530"
Precinct,,Early Ballots Cast,Election Ballots Cast,,Total Ballots Cast,,Registered Voters,,Percent Turnout,"REP
Mary Nan Huffman",,"DEM
Kim Ogg",,Totals,
613,"1,521",,,210,,"1,731",,"2,768",62.54%,,388,,"1,223",,"1,611"
614,"2,770",,,357,,"3,127",,"4,890",63.95%,,941,,"2,003",,"2,944"
615,"1,545",,,208,,"1,753",,"2,416",72.56%,,785,,899,,"1,684"
616,"2,605",,,299,,"2,904",,"3,807",76.28%,,"1,658",,"1,108",,"2,766"
617,"2,535",,,390,,"2,925",,"4,640",63.04%,,957,,"1,811",,"2,768"
618,"2,589",,,326,,"2,915",,"4,381",66.54%,,"1,116",,"1,606",,"2,722"
619,"3,698",,,275,,"3,973",,"5,104",77.84%,,"2,492",,"1,304",,"3,796"
620,"2,493",,,223,,"2,716",,"3,802",71.44%,,"1,207",,"1,366",,"2,573"
621,868,,,130,,998,,"1,551",64.35%,,397,,543,,940
622,"3,042",,,415,,"3,457",,"4,792",72.14%,,"1,713",,"1,546",,"3,259"
623,"2,770",,,326,,"3,096",,"4,419",70.06%,,"1,581",,"1,365",,"2,946"
624,856,,,74,,930,,"1,053",88.32%,,632,,259,,891
625,"1,380",,,155,,"1,535",,"1,999",76.79%,,715,,747,,"1,462"
626,"3,211",,,348,,"3,559",,"5,016",70.95%,,"1,607",,"1,766",,"3,373"
627,"1,532",,,347,,"1,879",,"3,328",56.46%,,560,,"1,158",,"1,718"
628,"1,116",,,367,,"1,483",,"2,575",57.59%,,526,,835,,"1,361"
629,276,,,58,,334,,781,42.77%,,31,,285,,316
630,"3,818",,,387,,"4,205",,"5,731",73.37%,,499,,"3,557",,"4,056"
631,"2,113",,,239,,"2,352",,"3,230",72.82%,,"1,345",,900,,"2,245"
632,4,,,0,,4,,14,28.57%,,0,,0,,0
633,"2,985",,,335,,"3,320",,"4,162",79.77%,,"2,008",,"1,176",,"3,184"
634,"1,941",,,350,,"2,291",,"3,529",64.92%,,"1,127",,"1,057",,"2,184"
635,"2,183",,,312,,"2,495",,"3,529",70.70%,,"1,634",,731,,"2,365"
636,"3,366",,,629,,"3,995",,"5,200",76.83%,,"3,382",,453,,"3,835"
637,"1,564",,,258,,"1,822",,"2,831",64.36%,,511,,"1,187",,"1,698"
638,"1,226",,,188,,"1,414",,"2,438",58.00%,,150,,"1,183",,"1,333"
639,"1,690",,,178,,"1,868",,"2,634",70.92%,,"1,331",,451,,"1,782"
640,"2,481",,,354,,"2,835",,"4,258",66.58%,,"1,455",,"1,221",,"2,676"
641,"2,418",,,426,,"2,844",,"4,166",68.27%,,"1,524",,"1,171",,"2,695"
642,"1,283",,,156,,"1,439",,"1,854",77.62%,,990,,404,,"1,394"
643,"2,613",,,380,,"2,993",,"4,540",65.93%,,"1,284",,"1,530",,"2,814"
644,"3,126",,,383,,"3,509",,"4,880",71.91%,,"1,811",,"1,504",,"3,315"
645,"3,310",,,467,,"3,777",,"5,411",69.80%,,"1,219",,"2,384",,"3,603"
646,"1,495",,,181,,"1,676",,"2,538",66.04%,,605,,955,,"1,560"
Precinct,,Early Ballots Cast,Election Ballots Cast,,Total Ballots Cast,,Registered Voters,,Percent Turnout,"REP
Mary Nan Huffman",,"DEM
Kim Ogg",,Totals,
647,"2,596",,,328,,"2,924",,"5,018",58.27%,,"1,082",,"1,560",,"2,642"
648,"2,523",,,270,,"2,793",,"3,693",75.63%,,"1,678",,999,,"2,677"
649,"2,609",,,388,,"2,997",,"4,969",60.31%,,874,,"1,893",,"2,767"
650,"2,807",,,473,,"3,280",,"4,240",77.36%,,"1,905",,"1,215",,"3,120"
651,"2,453",,,378,,"2,831",,"4,208",67.28%,,"1,374",,"1,301",,"2,675"
652,"1,925",,,198,,"2,123",,"3,128",67.87%,,409,,"1,610",,"2,019"
653,284,,,74,,358,,683,52.42%,,81,,248,,329
654,"3,541",,,401,,"3,942",,"5,600",70.39%,,"1,903",,"1,813",,"3,716"
655,"3,044",,,345,,"3,389",,"4,790",70.75%,,"1,650",,"1,507",,"3,157"
656,"1,369",,,164,,"1,533",,"2,700",56.78%,,127,,"1,332",,"1,459"
657,"1,033",,,157,,"1,190",,"1,786",66.63%,,395,,728,,"1,123"
658,"1,721",,,319,,"2,040",,"3,019",67.57%,,"1,131",,818,,"1,949"
659,"3,745",,,337,,"4,082",,"5,547",73.59%,,"2,574",,"1,320",,"3,894"
660,"2,184",,,235,,"2,419",,"3,417",70.79%,,357,,"1,931",,"2,288"
661,"2,853",,,530,,"3,383",,"4,917",68.80%,,"1,528",,"1,674",,"3,202"
662,"2,898",,,372,,"3,270",,"4,157",78.66%,,"2,407",,720,,"3,127"
663,"1,915",,,149,,"2,064",,"2,603",79.29%,,877,,"1,089",,"1,966"
664,"1,250",,,324,,"1,574",,"3,080",51.10%,,391,,"1,034",,"1,425"
665,"1,866",,,238,,"2,104",,"2,768",76.01%,,"1,579",,420,,"1,999"
666,0,,,0,,0,,0,0.00%,,0,,0,,0
667,"1,530",,,169,,"1,699",,"2,255",75.34%,,"1,088",,542,,"1,630"
668,"2,665",,,451,,"3,116",,"4,510",69.09%,,"1,611",,"1,343",,"2,954"
669,"2,458",,,352,,"2,810",,"3,702",75.90%,,"1,636",,"1,067",,"2,703"
670,"2,524",,,177,,"2,701",,"3,390",79.68%,,"1,947",,627,,"2,574"
671,"2,037",,,351,,"2,388",,"3,459",69.04%,,"1,107",,"1,172",,"2,279"
672,"2,493",,,305,,"2,798",,"3,997",70.00%,,"1,687",,986,,"2,673"
673,"1,968",,,245,,"2,213",,"3,005",73.64%,,"1,657",,436,,"2,093"
674,"3,278",,,316,,"3,594",,"4,648",77.32%,,"2,326",,"1,123",,"3,449"
675,0,,,0,,0,,0,0.00%,,0,,0,,0
676,"1,639",,,325,,"1,964",,"3,262",60.21%,,740,,"1,083",,"1,823"
677,576,,,181,,757,,"1,449",52.24%,,209,,474,,683
678,"1,380",,,194,,"1,574",,"2,747",57.30%,,168,,"1,306",,"1,474"
679,"2,455",,,370,,"2,825",,"3,949",71.54%,,"1,779",,889,,"2,668"
680,137,,,12,,149,,207,71.98%,,34,,106,,140
Precinct,,Early Ballots Cast,Election Ballots Cast,,Total Ballots Cast,,Registered Voters,,Percent Turnout,"REP
Mary Nan Huffman",,"DEM
Kim Ogg",,Totals,
681,91,,,12,,103,,139,74.10%,,33,,60,,93
682,"2,971",,,402,,"3,373",,"4,632",72.82%,,"2,293",,899,,"3,192"
683,136,,,28,,164,,341,48.09%,,52,,101,,153
684,"2,788",,,436,,"3,224",,"4,420",72.94%,,"1,760",,"1,293",,"3,053"
685,122,,,10,,132,,230,57.39%,,60,,62,,122
686,80,,,24,,104,,221,47.06%,,29,,67,,96
687,"2,105",,,222,,"2,327",,"2,893",80.44%,,"1,382",,830,,"2,212"
688,"3,358",,,262,,"3,620",,"4,344",83.33%,,"2,538",,915,,"3,453"
689,"1,477",,,304,,"1,781",,"2,687",66.28%,,749,,870,,"1,619"
690,"2,860",,,404,,"3,264",,"4,153",78.59%,,"2,150",,961,,"3,111"
691,"3,231",,,316,,"3,547",,"4,400",80.61%,,"2,465",,924,,"3,389"
692,"2,033",,,360,,"2,393",,"3,437",69.62%,,"1,562",,717,,"2,279"
693,445,,,62,,507,,737,68.79%,,116,,369,,485
694,"1,605",,,229,,"1,834",,"2,859",64.15%,,642,,"1,085",,"1,727"
695,943,,,186,,"1,129",,"2,035",55.48%,,648,,400,,"1,048"
696,"1,123",,,235,,"1,358",,"2,449",55.45%,,784,,485,,"1,269"
697,"1,768",,,370,,"2,138",,"3,444",62.08%,,603,,"1,396",,"1,999"
698,"1,802",,,312,,"2,114",,"3,520",60.06%,,352,,"1,638",,"1,990"
699,"1,725",,,165,,"1,890",,"2,392",79.01%,,"1,040",,733,,"1,773"
700,"1,039",,,169,,"1,208",,"1,718",70.31%,,974,,178,,"1,152"
701,306,,,63,,369,,709,52.05%,,147,,185,,332
702,224,,,68,,292,,570,51.23%,,53,,211,,264
703,"1,348",,,248,,"1,596",,"2,008",79.48%,,"1,032",,493,,"1,525"
704,"2,250",,,297,,"2,547",,"3,309",76.97%,,"1,937",,504,,"2,441"
705,492,,,126,,618,,"1,540",40.13%,,78,,498,,576
706,"1,923",,,219,,"2,142",,"3,199",66.96%,,741,,"1,270",,"2,011"
707,597,,,38,,635,,880,72.16%,,333,,265,,598
708,224,,,84,,308,,650,47.38%,,110,,170,,280
709,"3,202",,,316,,"3,518",,"4,720",74.53%,,"1,730",,"1,625",,"3,355"
710,"1,813",,,199,,"2,012",,"2,433",82.70%,,921,,986,,"1,907"
711,"3,154",,,368,,"3,522",,"4,689",75.11%,,"1,458",,"1,892",,"3,350"
712,"2,598",,,464,,"3,062",,"4,704",65.09%,,"1,089",,"1,795",,"2,884"
713,"1,202",,,253,,"1,455",,"2,144",67.86%,,623,,754,,"1,377"
714,125,,,43,,168,,336,50.00%,,68,,83,,151
Precinct,,Early Ballots Cast,Election Ballots Cast,,Total Ballots Cast,,Registered Voters,,Percent Turnout,"REP
Mary Nan Huffman",,"DEM
Kim Ogg",,Totals,
715,848,,,163,,"1,011",,"1,693",59.72%,,430,,527,,957
716,"1,684",,,240,,"1,924",,"2,796",68.81%,,"1,247",,567,,"1,814"
717,"1,199",,,143,,"1,342",,"2,188",61.33%,,229,,"1,050",,"1,279"
718,"3,763",,,381,,"4,144",,"5,092",81.38%,,"2,364",,"1,571",,"3,935"
719,816,,,168,,984,,"1,754",56.10%,,476,,434,,910
720,"3,560",,,445,,"4,005",,"5,452",73.46%,,"2,258",,"1,529",,"3,787"
721,"2,042",,,280,,"2,322",,"2,958",78.50%,,"1,254",,925,,"2,179"
722,"2,385",,,380,,"2,765",,"4,696",58.88%,,280,,"2,331",,"2,611"
723,"1,207",,,160,,"1,367",,"2,065",66.20%,,310,,979,,"1,289"
724,924,,,94,,"1,018",,"1,130",90.09%,,582,,378,,960
725,"1,232",,,178,,"1,410",,"2,383",59.17%,,541,,778,,"1,319"
726,"1,575",,,196,,"1,771",,"2,279",77.71%,,"1,463",,241,,"1,704"
727,"1,391",,,273,,"1,664",,"2,943",56.54%,,376,,"1,206",,"1,582"
728,533,,,78,,611,,938,65.14%,,313,,279,,592
729,325,,,29,,354,,485,72.99%,,168,,170,,338
730,"1,734",,,214,,"1,948",,"2,462",79.12%,,"1,050",,780,,"1,830"
731,"2,955",,,427,,"3,382",,"5,405",62.57%,,"1,300",,"1,862",,"3,162"
732,"1,278",,,246,,"1,524",,"2,023",75.33%,,774,,659,,"1,433"
733,113,,,53,,166,,373,44.50%,,46,,109,,155
734,"3,437",,,337,,"3,774",,"5,005",75.40%,,"2,249",,"1,373",,"3,622"
735,487,,,82,,569,,747,76.17%,,298,,250,,548
736,14,,,2,,16,,42,38.10%,,2,,11,,13
737,20,,,4,,24,,47,51.06%,,14,,9,,23
738,622,,,171,,793,,"1,533",51.73%,,173,,572,,745
739,"1,402",,,253,,"1,655",,"3,043",54.39%,,652,,889,,"1,541"
740,479,,,98,,577,,"1,112",51.89%,,287,,246,,533
741,"1,270",,,199,,"1,469",,"2,332",62.99%,,498,,893,,"1,391"
742,"2,623",,,228,,"2,851",,"3,574",79.77%,,"1,635",,"1,071",,"2,706"
743,86,,,32,,118,,262,45.04%,,43,,60,,103
744,"1,467",,,187,,"1,654",,"2,168",76.29%,,843,,718,,"1,561"
745,"1,710",,,205,,"1,915",,"2,663",71.91%,,979,,825,,"1,804"
746,410,,,95,,505,,820,61.59%,,210,,257,,467
747,"2,853",,,590,,"3,443",,"5,191",66.33%,,"1,293",,"1,992",,"3,285"
748,856,,,174,,"1,030",,"1,710",60.23%,,416,,556,,972
Precinct,,Early Ballots Cast,Election Ballots Cast,,Total Ballots Cast,,Registered Voters,,Percent Turnout,"REP
Mary Nan Huffman",,"DEM
Kim Ogg",,Totals,
749,155,,,40,,195,,452,43.14%,,58,,123,,181
750,467,,,73,,540,,893,60.47%,,251,,244,,495
751,"4,480",,,712,,"5,192",,"7,593",68.38%,,"2,774",,"2,185",,"4,959"
752,902,,,140,,"1,042",,"1,584",65.78%,,661,,328,,989
753,329,,,50,,379,,537,70.58%,,122,,235,,357
754,579,,,119,,698,,"1,578",44.23%,,71,,582,,653
755,"3,008",,,739,,"3,747",,"6,128",61.15%,,"1,407",,"2,100",,"3,507"
756,"1,014",,,206,,"1,220",,"1,859",65.63%,,393,,762,,"1,155"
757,"3,233",,,454,,"3,687",,"6,035",61.09%,,692,,"2,797",,"3,489"
758,"3,337",,,334,,"3,671",,"4,644",79.05%,,"2,544",,938,,"3,482"
759,"1,903",,,250,,"2,153",,"2,958",72.79%,,"1,100",,953,,"2,053"
760,"1,566",,,135,,"1,701",,"2,117",80.35%,,"1,254",,372,,"1,626"
761,"1,417",,,82,,"1,499",,"1,728",86.75%,,958,,471,,"1,429"
762,"2,279",,,286,,"2,565",,"3,157",81.25%,,"1,154",,"1,246",,"2,400"
763,527,,,195,,722,,"1,346",53.64%,,260,,401,,661
764,"3,477",,,426,,"3,903",,"5,279",73.93%,,"2,077",,"1,623",,"3,700"
765,"2,982",,,530,,"3,512",,"6,107",57.51%,,993,,"2,286",,"3,279"
766,194,,,54,,248,,475,52.21%,,66,,156,,222
767,46,,,10,,56,,96,58.33%,,29,,21,,50
768,"1,982",,,182,,"2,164",,"2,765",78.26%,,"1,486",,576,,"2,062"
769,106,,,8,,114,,170,67.06%,,14,,91,,105
770,165,,,48,,213,,472,45.13%,,68,,130,,198
771,764,,,193,,957,,"1,757",54.47%,,379,,515,,894
772,"3,538",,,187,,"3,725",,"4,663",79.88%,,"2,363",,"1,208",,"3,571"
773,"2,736",,,333,,"3,069",,"4,704",65.24%,,"1,033",,"1,749",,"2,782"
774,311,,,56,,367,,530,69.25%,,90,,266,,356
775,59,,,6,,65,,97,67.01%,,4,,56,,60
776,"1,940",,,302,,"2,242",,"3,357",66.79%,,"1,109",,"1,017",,"2,126"
777,232,,,74,,306,,850,36.00%,,99,,188,,287
778,0,,,0,,0,,0,0.00%,,0,,0,,0
779,320,,,130,,450,,"1,129",39.86%,,139,,247,,386
780,255,,,92,,347,,723,47.99%,,113,,204,,317
781,"1,995",,,357,,"2,352",,"4,026",58.42%,,864,,"1,239",,"2,103"
782,"1,538",,,215,,"1,753",,"2,419",72.47%,,950,,693,,"1,643"
Precinct,,Early Ballots Cast,Election Ballots Cast,,Total Ballots Cast,,Registered Voters,,Percent Turnout,"REP
Mary Nan Huffman",,"DEM
Kim Ogg",,Totals,
783,454,,,88,,542,,816,66.42%,,77,,437,,514
784,504,,,55,,559,,"1,029",54.32%,,35,,484,,519
785,"3,428",,,402,,"3,830",,"4,702",81.45%,,"1,807",,"1,836",,"3,643"
786,485,,,199,,684,,"1,443",47.40%,,257,,366,,623
787,262,,,54,,316,,622,50.80%,,98,,179,,277
788,3,,,1,,4,,10,40.00%,,1,,3,,4
789,"1,923",,,263,,"2,186",,"3,115",70.18%,,"1,110",,972,,"2,082"
790,"1,695",,,249,,"1,944",,"2,982",65.19%,,661,,"1,166",,"1,827"
791,13,,,2,,15,,32,46.88%,,1,,14,,15
792,920,,,241,,"1,161",,"2,023",57.39%,,328,,737,,"1,065"
793,"1,374",,,248,,"1,622",,"2,761",58.75%,,775,,731,,"1,506"
794,920,,,283,,"1,203",,"3,206",37.52%,,187,,928,,"1,115"
795,565,,,138,,703,,"1,386",50.72%,,239,,395,,634
796,"1,997",,,272,,"2,269",,"3,360",67.53%,,887,,"1,279",,"2,166"
797,0,,,0,,0,,0,0.00%,,0,,0,,0
798,350,,,80,,430,,563,76.38%,,150,,257,,407
799,90,,,21,,111,,213,52.11%,,26,,82,,108
800,"2,557",,,374,,"2,931",,"4,263",68.75%,,"1,599",,"1,187",,"2,786"
801,148,,,34,,182,,317,57.41%,,59,,115,,174
802,13,,,0,,13,,38,34.21%,,3,,9,,12
803,"3,424",,,300,,"3,724",,"4,752",78.37%,,"2,233",,"1,335",,"3,568"
804,"4,324",,,493,,"4,817",,"6,569",73.33%,,"2,167",,"2,390",,"4,557"
805,"2,098",,,184,,"2,282",,"2,899",78.72%,,"1,605",,592,,"2,197"
806,"2,067",,,243,,"2,310",,"2,955",78.17%,,"1,357",,843,,"2,200"
807,949,,,213,,"1,162",,"2,173",53.47%,,213,,885,,"1,098"
808,444,,,55,,499,,628,79.46%,,121,,348,,469
809,47,,,6,,53,,110,48.18%,,31,,17,,48
810,56,,,22,,78,,185,42.16%,,25,,39,,64
811,131,,,24,,155,,293,52.90%,,43,,105,,148
812,0,,,1,,1,,2,50.00%,,0,,1,,1
813,"2,735",,,330,,"3,065",,"4,382",69.95%,,"1,213",,"1,699",,"2,912"
814,"3,022",,,452,,"3,474",,"5,694",61.01%,,825,,"2,432",,"3,257"
815,0,,,0,,0,,0,0.00%,,0,,0,,0
816,20,,,5,,25,,67,37.31%,,4,,17,,21
Precinct,,Early Ballots Cast,Election Ballots Cast,,Total Ballots Cast,,Registered Voters,,Percent Turnout,"REP
Mary Nan Huffman",,"DEM
Kim Ogg",,Totals,
817,"3,945",,,383,,"4,328",,"5,592",77.40%,,"2,824",,"1,319",,"4,143"
818,302,,,58,,360,,737,48.85%,,85,,248,,333
819,131,,,15,,146,,202,72.28%,,67,,65,,132
820,1,,,0,,1,,0,0.00%,,0,,1,,1
821,474,,,122,,596,,"1,302",45.78%,,120,,435,,555
822,728,,,130,,858,,"1,583",54.20%,,80,,734,,814
823,"1,946",,,315,,"2,261",,"3,296",68.60%,,"1,114",,"1,021",,"2,135"
824,"1,492",,,246,,"1,738",,"2,899",59.95%,,415,,"1,227",,"1,642"
825,15,,,0,,15,,24,62.50%,,4,,10,,14
826,296,,,21,,317,,371,85.44%,,127,,168,,295
827,350,,,145,,495,,"1,173",42.20%,,189,,258,,447
828,"1,524",,,114,,"1,638",,"2,028",80.77%,,"1,181",,390,,"1,571"
829,55,,,8,,63,,121,52.07%,,30,,31,,61
830,73,,,8,,81,,57,142.11%,,20,,55,,75
831,10,,,2,,12,,33,36.36%,,3,,9,,12
832,185,,,27,,212,,394,53.81%,,57,,137,,194
833,8,,,4,,12,,24,50.00%,,1,,11,,12
834,206,,,38,,244,,403,60.55%,,30,,201,,231
835,142,,,42,,184,,341,53.96%,,60,,104,,164
836,169,,,18,,187,,293,63.82%,,21,,146,,167
837,68,,,8,,76,,65,116.92%,,24,,43,,67
838,0,,,0,,0,,0,0.00%,,0,,0,,0
839,595,,,135,,730,,"1,225",59.59%,,174,,496,,670
840,"1,131",,,131,,"1,262",,"1,912",66.00%,,439,,762,,"1,201"
841,"2,254",,,316,,"2,570",,"4,015",64.01%,,640,,"1,811",,"2,451"
842,"1,771",,,340,,"2,111",,"3,479",60.68%,,792,,"1,179",,"1,971"
843,913,,,124,,"1,037",,"1,510",68.68%,,216,,765,,981
844,4,,,0,,4,,10,40.00%,,0,,4,,4
845,210,,,7,,217,,254,85.43%,,123,,81,,204
846,110,,,24,,134,,253,52.96%,,23,,107,,130
847,"1,515",,,225,,"1,740",,"2,674",65.07%,,443,,"1,222",,"1,665"
848,"1,196",,,99,,"1,295",,"1,864",69.47%,,357,,873,,"1,230"
849,"1,239",,,321,,"1,560",,"2,548",61.22%,,520,,918,,"1,438"
850,152,,,12,,164,,214,76.64%,,66,,96,,162
Precinct,,Early Ballots Cast,Election Ballots Cast,,Total Ballots Cast,,Registered Voters,,Percent Turnout,"REP
Mary Nan Huffman",,"DEM
Kim Ogg",,Totals,
851,"2,764",,,367,,"3,131",,"4,388",71.35%,,"1,822",,"1,177",,"2,999"
852,0,,,0,,0,,1,0.00%,,0,,0,,0
853,"2,162",,,251,,"2,413",,"3,148",76.65%,,"1,597",,719,,"2,316"
854,56,,,25,,81,,181,44.75%,,14,,60,,74
855,6,,,3,,9,,21,42.86%,,6,,2,,8
856,0,,,0,,0,,0,0.00%,,0,,0,,0
857,0,,,0,,0,,0,0.00%,,0,,0,,0
858,177,,,32,,209,,369,56.64%,,11,,184,,195
859,517,,,112,,629,,996,63.15%,,149,,437,,586
860,0,,,0,,0,,0,0.00%,,0,,0,,0
861,"1,043",,,170,,"1,213",,"2,016",60.17%,,223,,913,,"1,136"
862,"2,806",,,301,,"3,107",,"4,032",77.06%,,"1,683",,"1,270",,"2,953"
863,281,,,39,,320,,566,56.54%,,31,,279,,310
864,"1,241",,,279,,"1,520",,"2,873",52.91%,,418,,964,,"1,382"
865,10,,,0,,10,,15,66.67%,,0,,10,,10
866,0,,,0,,0,,0,0.00%,,0,,0,,0
867,0,,,0,,0,,0,0.00%,,0,,0,,0
868,"1,194",,,277,,"1,471",,"2,598",56.62%,,450,,925,,"1,375"
869,189,,,42,,231,,478,48.33%,,55,,158,,213
870,0,,,0,,0,,0,0.00%,,0,,0,,0
871,5,,,0,,5,,4,125.00%,,1,,3,,4
872,20,,,5,,25,,65,38.46%,,13,,11,,24
873,523,,,54,,577,,861,67.02%,,162,,371,,533
874,"2,191",,,343,,"2,534",,"3,343",75.80%,,"1,660",,781,,"2,441"
875,"3,054",,,316,,"3,370",,"4,556",73.97%,,"1,572",,"1,630",,"3,202"
876,"3,711",,,447,,"4,158",,"5,084",81.79%,,"2,502",,"1,451",,"3,953"
877,"3,501",,,492,,"3,993",,"5,471",72.98%,,"1,388",,"2,399",,"3,787"
878,"1,181",,,102,,"1,283",,"1,516",84.63%,,885,,338,,"1,223"
879,"1,833",,,266,,"2,099",,"3,159",66.45%,,890,,"1,066",,"1,956"
880,"2,083",,,263,,"2,346",,"2,944",79.69%,,"1,535",,710,,"2,245"
881,"4,765",,,817,,"5,582",,"8,340",66.93%,,"1,485",,"3,862",,"5,347"
882,"3,156",,,378,,"3,534",,"5,032",70.23%,,"1,183",,"2,125",,"3,308"
883,"3,086",,,552,,"3,638",,"6,111",59.53%,,765,,"2,656",,"3,421"
884,205,,,37,,242,,419,57.76%,,49,,175,,224
Precinct,,Early Ballots Cast,Election Ballots Cast,,Total Ballots Cast,,Registered Voters,,Percent Turnout,"REP
Mary Nan Huffman",,"DEM
Kim Ogg",,Totals,
885,"2,287",,,232,,"2,519",,"3,224",78.13%,,"1,295",,"1,106",,"2,401"
886,664,,,59,,723,,953,75.87%,,284,,400,,684
887,345,,,37,,382,,573,66.67%,,155,,205,,360
888,"1,501",,,174,,"1,675",,"2,502",66.95%,,518,,"1,081",,"1,599"
889,131,,,15,,146,,214,68.22%,,26,,114,,140
890,"1,214",,,165,,"1,379",,"2,251",61.26%,,544,,764,,"1,308"
891,986,,,74,,"1,060",,"1,390",76.26%,,347,,659,,"1,006"
892,922,,,95,,"1,017",,"1,445",70.38%,,265,,702,,967
893,0,,,2,,2,,8,25.00%,,2,,0,,2
894,"1,368",,,230,,"1,598",,"2,752",58.07%,,248,,"1,264",,"1,512"
895,683,,,51,,734,,876,83.79%,,236,,463,,699
896,"1,340",,,91,,"1,431",,"1,719",83.25%,,437,,930,,"1,367"
897,"1,308",,,263,,"1,571",,"2,156",72.87%,,682,,809,,"1,491"
898,"1,264",,,217,,"1,481",,"2,239",66.15%,,535,,895,,"1,430"
899,"1,045",,,57,,"1,102",,"1,348",81.75%,,592,,458,,"1,050"
900,9,,,1,,10,,12,83.33%,,5,,5,,10
901,0,,,0,,0,,0,0.00%,,0,,0,,0
902,"2,478",,,177,,"2,655",,"3,125",84.96%,,"1,192",,"1,318",,"2,510"
903,"1,917",,,230,,"2,147",,"2,878",74.60%,,"1,472",,564,,"2,036"
904,0,,,3,,3,,6,50.00%,,1,,2,,3
905,503,,,85,,588,,"1,025",57.37%,,254,,289,,543
906,28,,,1,,29,,31,93.55%,,17,,10,,27
907,104,,,22,,126,,227,55.51%,,15,,107,,122
908,0,,,1,,1,,1,100.00%,,0,,1,,1
909,12,,,3,,15,,20,75.00%,,2,,13,,15
910,94,,,30,,124,,275,45.09%,,40,,65,,105
911,337,,,26,,363,,629,57.71%,,215,,126,,341
912,939,,,159,,"1,098",,"1,586",69.23%,,577,,486,,"1,063"
913,166,,,25,,191,,269,71.00%,,49,,132,,181
914,55,,,14,,69,,138,50.00%,,21,,38,,59
915,0,,,0,,0,,0,0.00%,,0,,0,,0
916,"2,772",,,291,,"3,063",,"3,664",83.60%,,"2,149",,801,,"2,950"
917,26,,,4,,30,,124,24.19%,,5,,24,,29
918,4,,,1,,5,,8,62.50%,,3,,1,,4
Precinct,,Early Ballots Cast,Election Ballots Cast,,Total Ballots Cast,,Registered Voters,,Percent Turnout,"REP
Mary Nan Huffman",,"DEM
Kim Ogg",,Totals,
919,0,,,0,,0,,0,0.00%,,0,,0,,0
920,62,,,9,,71,,87,81.61%,,41,,24,,65
921,37,,,8,,45,,65,69.23%,,2,,40,,42
922,0,,,0,,0,,0,0.00%,,0,,0,,0
923,"3,275",,,191,,"3,466",,"4,196",82.60%,,"2,362",,972,,"3,334"
924,0,,,0,,0,,0,0.00%,,0,,0,,0
925,0,,,0,,0,,0,0.00%,,0,,0,,0
926,884,,,111,,995,,"1,329",74.87%,,603,,336,,939
927,"1,498",,,96,,"1,594",,"1,940",82.16%,,776,,749,,"1,525"
928,6,,,0,,6,,8,75.00%,,0,,6,,6
929,0,,,0,,0,,0,0.00%,,0,,0,,0
930,285,,,52,,337,,642,52.49%,,58,,259,,317
931,94,,,10,,104,,123,84.55%,,43,,51,,94
932,0,,,0,,0,,0,0.00%,,0,,0,,0
933,523,,,41,,564,,799,70.59%,,143,,398,,541
934,20,,,6,,26,,56,46.43%,,3,,22,,25
935,21,,,6,,27,,58,46.55%,,12,,14,,26
936,46,,,12,,58,,94,61.70%,,14,,39,,53
937,0,,,0,,0,,0,0.00%,,0,,0,,0
938,110,,,29,,139,,280,49.64%,,30,,96,,126
939,1,,,0,,1,,1,100.00%,,0,,1,,1
940,11,,,2,,13,,22,59.09%,,0,,12,,12
941,539,,,119,,658,,"1,012",65.02%,,262,,357,,619
942,140,,,12,,152,,171,88.89%,,98,,50,,148
943,269,,,70,,339,,732,46.31%,,110,,197,,307
944,0,,,0,,0,,0,0.00%,,0,,0,,0
945,9,,,4,,13,,20,65.00%,,3,,7,,10
946,4,,,6,,10,,19,52.63%,,3,,6,,9
947,614,,,77,,691,,851,81.20%,,274,,378,,652
948,0,,,0,,0,,0,0.00%,,0,,0,,0
949,129,,,25,,154,,221,69.68%,,69,,76,,145
950,0,,,0,,0,,0,0.00%,,0,,0,,0
951,195,,,41,,236,,360,65.56%,,67,,156,,223
952,57,,,4,,61,,70,87.14%,,28,,29,,57
Precinct,,Early Ballots Cast,Election Ballots Cast,,Total Ballots Cast,,Registered Voters,,Percent Turnout,"REP
Mary Nan Huffman",,"DEM
Kim Ogg",,Totals,
953,3,,,2,,5,,6,83.33%,,1,,4,,5
954,0,,,0,,0,,0,0.00%,,0,,0,,0
955,"6,174",,,421,,"6,595",,"7,800",84.55%,,"4,218",,"2,069",,"6,287"
956,0,,,0,,0,,0,0.00%,,0,,0,,0
957,384,,,32,,416,,606,68.65%,,68,,332,,400
958,656,,,121,,777,,"1,281",60.66%,,183,,544,,727
959,0,,,0,,0,,0,0.00%,,0,,0,,0
960,"1,254",,,133,,"1,387",,"1,913",72.50%,,281,,"1,043",,"1,324"
961,"1,211",,,223,,"1,434",,"2,471",58.03%,,335,,"1,019",,"1,354"
962,61,,,8,,69,,186,37.10%,,9,,58,,67
963,473,,,94,,567,,841,67.42%,,236,,304,,540
964,"3,997",,,386,,"4,383",,"5,193",84.40%,,"2,177",,"2,038",,"4,215"
965,160,,,35,,195,,364,53.57%,,120,,59,,179
966,583,,,129,,712,,"1,448",49.17%,,182,,488,,670
967,105,,,19,,124,,212,58.49%,,30,,85,,115
968,"1,640",,,204,,"1,844",,"2,160",85.37%,,396,,"1,381",,"1,777"
969,390,,,37,,427,,629,67.89%,,17,,390,,407
970,330,,,72,,402,,919,43.74%,,54,,326,,380
971,0,,,0,,0,,0,0.00%,,0,,0,,0
972,0,,,0,,0,,1,0.00%,,0,,0,,0
973,809,,,85,,894,,"1,186",75.38%,,495,,363,,858
974,0,,,0,,0,,0,0.00%,,0,,0,,0
975,135,,,13,,148,,185,80.00%,,62,,79,,141
976,299,,,108,,407,,806,50.50%,,192,,187,,379
977,389,,,81,,470,,841,55.89%,,190,,247,,437
978,0,,,0,,0,,0,0.00%,,0,,0,,0
979,0,,,0,,0,,0,0.00%,,0,,0,,0
980,966,,,165,,"1,131",,"1,405",80.50%,,705,,357,,"1,062"
981,10,,,5,,15,,23,65.22%,,3,,11,,14
982,"4,526",,,535,,"5,061",,"5,918",85.52%,,"3,480",,"1,344",,"4,824"
983,123,,,21,,144,,222,64.86%,,48,,89,,137
984,97,,,24,,121,,261,46.36%,,18,,98,,116
985,230,,,19,,249,,317,78.55%,,109,,127,,236
986,221,,,53,,274,,552,49.64%,,42,,212,,254
Precinct,,Early Ballots Cast,Election Ballots Cast,,Total Ballots Cast,,Registered Voters,,Percent Turnout,"REP
Mary Nan Huffman",,"DEM
Kim Ogg",,Totals,
987,622,,,87,,709,,"1,227",57.78%,,78,,584,,662
988,70,,,15,,85,,118,72.03%,,69,,7,,76
989,0,,,0,,0,,0,0.00%,,0,,0,,0
990,34,,,5,,39,,73,53.42%,,21,,16,,37
991,4,,,0,,4,,4,100.00%,,2,,1,,3
992,605,,,118,,723,,"1,159",62.38%,,314,,371,,685
993,0,,,0,,0,,0,0.00%,,0,,0,,0
994,210,,,10,,220,,233,94.42%,,55,,156,,211
995,"1,258",,,152,,"1,410",,"2,018",69.87%,,177,,"1,161",,"1,338"
996,504,,,46,,550,,750,73.33%,,278,,253,,531
997,737,,,168,,905,,"2,015",44.91%,,118,,742,,860
998,59,,,7,,66,,85,77.65%,,40,,23,,63
999,0,,,0,,0,,0,0.00%,,0,,0,,0
1000,190,,,39,,229,,450,50.89%,,44,,158,,202
1001,823,,,144,,967,,"1,742",55.51%,,254,,646,,900
1002,663,,,174,,837,,"1,787",46.84%,,189,,581,,770
1003,0,,,1,,1,,0,0.00%,,0,,1,,1
1004,543,,,52,,595,,754,78.91%,,261,,306,,567
1005,0,,,0,,0,,0,0.00%,,0,,0,,0
1006,0,,,0,,0,,0,0.00%,,0,,0,,0
1007,"1,148",,,199,,"1,347",,"2,164",62.25%,,329,,953,,"1,282"
1008,913,,,85,,998,,"1,296",77.01%,,747,,219,,966
1009,0,,,0,,0,,0,0.00%,,0,,0,,0
1010,705,,,101,,806,,"1,153",69.90%,,185,,573,,758
1011,17,,,1,,18,,30,60.00%,,12,,4,,16
1012,906,,,245,,"1,151",,"1,865",61.72%,,378,,673,,"1,051"
Totals:,"1,448,767",,,"203,737",,"1,652,504",,"2,431,457",,,"720,407",,"841,914",,"1,562,321"
